gri_year,gri_month,gri_date,kolla_year,kolla_month_eng,kolla_month_mal,kolla_date,naksha_eng,naksha_mal,thithi_eng,thithi_mal,holiday_eng , holiday_mal,,,,
2026,Augest,18,1202,Chingam,ചിങ്ങം,1,Chothi,ചോതി,,,,,,,,
2026,Augest,19,1202,Chingam,ചിങ്ങം,2,Chothi,ചോതി,,,,,,,,
2026,Augest,20,1202,Chingam,ചിങ്ങം,3,Vishkham,വിശാഖം,,,,,,,,
2026,Augest,21,1202,Chingam,ചിങ്ങം,4,Anizham,അനിഴം,,,,,,,,
2026,Augest,22,1202,Chingam,ചിങ്ങം,5,Thrikkettka,തൃക്കേട്ടക,,,,,,,,
2026,Augest,23,1202,Chingam,ചിങ്ങം,6,Moolam,മൂലം,,,,,,,,
2026,Augest,24,1202,Chingam,ചിങ്ങം,7,Pooratam,പൂരാടം,,,,,,,,
2026,Augest,25,1202,Chingam,ചിങ്ങം,8,Uthradam,ഉത്രാടം,,,,,,,,
2026,Augest,26,1202,Chingam,ചിങ്ങം,9,Thiruvonam,തിരുവോണം,,,,,,,,
2026,Augest,27,1202,Chingam,ചിങ്ങം,10,Avittam,അവിട്ടം,,,,,,,,
2026,Augest,28,1202,Chingam,ചിങ്ങം,11,Chathayam,ചതയം,,,,,,,,
2026,Augest,29,1202,Chingam,ചിങ്ങം,12,Puruttathi,പൂരുട്ടാതി,,,,,,,,
2026,Augest,30,1202,Chingam,ചിങ്ങം,13,Uthrattathi,ഉത്രട്ടാതി,,,,,,,,
2026,Augest,31,1202,Chingam,ചിങ്ങം,14,Revathi,രേവതി,,,,,,,,
2026,Sepember,1,1202,Chingam,ചിങ്ങം,15,Aswathi,അശ്വതി,,,,,,,,
2026,Sepember,2,1202,Chingam,ചിങ്ങം,16,Bharani,ഭരണി,,,,,,,,
2026,Sepember,3,1202,Chingam,ചിങ്ങം,17,Karthika,കാർത്തിക,,,,,,,,
2026,Sepember,4,1202,Chingam,ചിങ്ങം,18,Rohini,രോഹിണി,,,,,,,,
2026,Sepember,5,1202,Chingam,ചിങ്ങം,19,Makeryam,മകിര്യം,,,,,,,,
2026,Sepember,6,1202,Chingam,ചിങ്ങം,20,Thiruvathira,തിരുവാതിര,,,,,,,,
2026,Sepember,7,1202,Chingam,ചിങ്ങം,21,Punartham,പുണർതം,,,,,,,,
2026,Sepember,8,1202,Chingam,ചിങ്ങം,22,Pooyam,പൂയം,,,,,,,,
2026,Sepember,9,1202,Chingam,ചിങ്ങം,23,Ayilyam,ആയില്യം,,,,,,,,
2026,Sepember,10,1202,Chingam,ചിങ്ങം,24,Makam,മകം,,,,,,,,
2026,Sepember,11,1202,Chingam,ചിങ്ങം,25,Pooram,പൂരം,,,,,,,,
2026,Sepember,12,1202,Chingam,ചിങ്ങം,26,Uthram,ഉത്രം,,,,,,,,
2026,Sepember,13,1202,Chingam,ചിങ്ങം,27,Atham,അത്തം,,,,,,,,
2026,Sepember,14,1202,Chingam,ചിങ്ങം,28,Chithira,ചിത്ര,,,,,,,,
2026,Sepember,15,1202,Chingam,ചിങ്ങം,29,Chothi,ചോതി,,,,,,,,
2026,Sepember,16,1202,Chingam,ചിങ്ങം,30,Vishkham,വിശാഖം,,,,,,,,
2026,Sepember,17,1202,Chingam,ചിങ്ങം,31,Anizham,അനിഴം,,,,,,,,
2026,Sepember,18,1202,Kanni,കന്നി,1,Thrikkettka,തൃക്കേട്ടക,,,,,,,,
2026,Sepember,19,1202,Kanni,കന്നി,2,Moolam,മൂലം,,,,,,,,
2026,Sepember,20,1202,Kanni,കന്നി,3,Pooratam,പൂരാടം,,,,,,,,
2026,Sepember,21,1202,Kanni,കന്നി,4,Uthradam,ഉത്രാടം,,,,,,,,
2026,Sepember,22,1202,Kanni,കന്നി,5,Uthradam,ഉത്രാടം,,,,,,,,
2026,Sepember,23,1202,Kanni,കന്നി,6,Thiruvonam,തിരുവോണം,,,,,,,,
2026,Sepember,24,1202,Kanni,കന്നി,7,Avittam,അവിട്ടം,,,,,,,,
2026,Sepember,25,1202,Kanni,കന്നി,8,Chathayam,ചതയം,,,,,,,,
2026,Sepember,26,1202,Kanni,കന്നി,9,Puruttathi,പൂരുട്ടാതി,,,,,,,,
2026,Sepember,27,1202,Kanni,കന്നി,10,Uthrattathi,ഉത്രട്ടാതി,,,,,,,,
2026,Sepember,28,1202,Kanni,കന്നി,11,Revathi,രേവതി,,,,,,,,
2026,Sepember,29,1202,Kanni,കന്നി,12,Aswathi,അശ്വതി,,,,,,,,
2026,Sepember,30,1202,Kanni,കന്നി,13,Bharani,ഭരണി,,,,,,,,
2026,October,1,1202,Kanni,കന്നി,14,Karthika,കാർത്തിക,Panchami,പഞ്ചമി,,,,,,
2026,October,2,1202,Kanni,കന്നി,15,Rohini,രോഹിണി,Shashti,ഷഷ്ഠി,,,,,,
2026,October,3,1202,Kanni,കന്നി,16,Makeryam,മകിര്യം,"Saptami, Ashtami","സപ്തമി ,അഷ്ടമി",,,,,,
2026,October,4,1202,Kanni,കന്നി,17,Thiruvathira,തിരുവാതിര,Navami,നവമി,,,,,,
2026,October,5,1202,Kanni,കന്നി,18,Punartham,പുണർതം,Dashami,ദശമി,,,,,,
2026,October,6,1202,Kanni,കന്നി,19,Pooyam,പൂയം,Ekadashi,ഏകാദശി,,,,,,
2026,October,7,1202,Kanni,കന്നി,20,Ayilyam,ആയില്യം,Dwadashi,ദ്വാദശി,,,,,,
2026,October,8,1202,Kanni,കന്നി,21,Makam,മകം,Trayodashi,ത്രയോദശി,,,,,,
2026,October,9,1202,Kanni,കന്നി,22,Pooram,പൂരം,Chaturdashi,ചതുർദ്ദശി,,,,,,
2026,October,10,1202,Kanni,കന്നി,23,Uthram,ഉത്രം,Amavasi,അമാവാസി,,,,,,
2026,October,11,1202,Kanni,കന്നി,24,Chithira,ചിത്ര,Prathama,പ്രതിപദം,,,,,,
2026,October,12,1202,Kanni,കന്നി,25,Chothi,ചോതി,Dwitiya,ദ്വിതീയ,,,,,,
2026,October,13,1202,Kanni,കന്നി,26,Vishkham,വിശാഖം,Tritiya,തൃതീയ,,,,,,
2026,October,14,1202,Kanni,കന്നി,27,Anizham,അനിഴം,Chaturthi,ചതുർത്ഥി,,,,,,
2026,October,15,1202,Kanni,കന്നി,28,Thrikkettka,തൃക്കേട്ടക,Panchami,പഞ്ചമി,,,,,,
2026,October,16,1202,Kanni,കന്നി,29,Thrikkettka,തൃക്കേട്ടക,Shashti,ഷഷ്ഠി,,,,,,
2026,October,17,1202,Kanni,കന്നി,30,Moolam,മൂലം,Saptami,സപ്തമി,,,,,,
2026,October,18,1202,Thulam,തുലാം,1,Pooratam,പൂരാടം,Saptami,സപ്തമി,,,,,,
2026,October,19,1202,Thulam,തുലാം,2,Uthradam,ഉത്രാടം,Ashtami,അഷ്ടമി,,,,,,
2026,October,20,1202,Thulam,തുലാം,3,Thiruvonam,തിരുവോണം,Navami,നവമി,,,,,,
2026,October,21,1202,Thulam,തുലാം,4,Avittam,അവിട്ടം,Dashami,ദശമി,,,,,,
2026,October,22,1202,Thulam,തുലാം,5,Chathayam,ചതയം,Ekadashi,ഏകാദശി,,,,,,
2026,October,23,1202,Thulam,തുലാം,6,Puruttathi,പൂരുട്ടാതി,Dwadashi,ദ്വാദശി,,,,,,
2026,October,24,1202,Thulam,തുലാം,7,Uthrattathi,ഉത്രട്ടാതി,Trayodashi,ത്രയോദശി,,,,,,
2026,October,25,1202,Thulam,തുലാം,8,Revathi,രേവതി,Chaturdashi,ചതുർദ്ദശി,,,,,,
2026,October,26,1202,Thulam,തുലാം,9,Aswathi,അശ്വതി,Purnima,പൗർണ്ണമി,,,,,,
2026,October,27,1202,Thulam,തുലാം,10,Bharani,ഭരണി,"Prathama, Dwitiya","പ്രതിപദം, ദ്വിതീയ",,,,,,
2026,October,28,1202,Thulam,തുലാം,11,Karthika,കാർത്തിക,Tritiya,തൃതീയ,,,,,,
2026,October,29,1202,Thulam,തുലാം,12,Rohini,രോഹിണി,Chaturthi,ചതുർത്ഥി,,,,,,
2026,October,30,1202,Thulam,തുലാം,13,Makeryam,മകിര്യം,Panchami,പഞ്ചമി,,,,,,
2026,October,31,1202,Thulam,തുലാം,14,"Thiruvathira ,Punartham","തിരുവാതിര , പുണർതം",Shashti,ഷഷ്ഠി,,,,,,
2026,November,1,1202,Thulam,തുലാം,15,Pooyam,പൂയം,Saptami,സപ്തമി,,,,,,
2026,November,2,1202,Thulam,തുലാം,16,Ayilyam,ആയില്യം,Ashtami,അഷ്ടമി,,,,,,
2026,November,3,1202,Thulam,തുലാം,17,Makam,മകം,Navami,നവമി,,,,,,
2026,November,4,1202,Thulam,തുലാം,18,Pooram,പൂരം,Dashami,ദശമി,,,,,,
2026,November,5,1202,Thulam,തുലാം,19,Uthram,ഉത്രം,Ekadashi,ഏകാദശി,,,,,,
2026,November,6,1202,Thulam,തുലാം,20,Atham,അത്തം,Dwadashi,ദ്വാദശി,,,,,,
2026,November,7,1202,Thulam,തുലാം,21,Chithira,ചിത്ര,Trayodashi,ത്രയോദശി,,,,,,
2026,November,8,1202,Thulam,തുലാം,22,Chothi,ചോതി,Chaturdashi,ചതുർദ്ദശി,,,,,,
2026,November,9,1202,Thulam,തുലാം,23,Chothi,ചോതി,Amavasi,അമാവാസി,,,,,,
2026,November,10,1202,Thulam,തുലാം,24,Vishkham,വിശാഖം,Prathama,പ്രതിപദം,,,,,,
2026,November,11,1202,Thulam,തുലാം,25,Anizham,അനിഴം,Dwitiya,ദ്വിതീയ,,,,,,
2026,November,12,1202,Thulam,തുലാം,26,Thrikkettka,തൃക്കേട്ടക,Tritiya,തൃതീയ,,,,,,
2026,November,13,1202,Thulam,തുലാം,27,Moolam,മൂലം,Chaturthi,ചതുർത്ഥി,,,,,,
2026,November,14,1202,Thulam,തുലാം,28,Pooratam,പൂരാടം,Panchami,പഞ്ചമി,,,,,,
2026,November,15,1202,Thulam,തുലാം,29,Uthradam,ഉത്രാടം,Shashti,ഷഷ്ഠി,,,,,,
2026,November,16,1202,Thulam,തുലാം,30,Thiruvonam,തിരുവോണം,Saptami,സപ്തമി,,,,,,
2026,November,17,1202,Vrishchikam,വിശ്ചികം,1,Avittam,അവിട്ടം,Ashtami,അഷ്ടമി,,,,,,
2026,November,18,1202,Vrishchikam,വിശ്ചികം,2,Chathayam,ചതയം,Navami,നവമി,,,,,,
2026,November,19,1202,Vrishchikam,വിശ്ചികം,3,Puruttathi,പൂരുട്ടാതി,Navami,നവമി,,,,,,
2026,November,20,1202,Vrishchikam,വിശ്ചികം,4,Puruttathi,പൂരുട്ടാതി,Dashami Ekadashi,"ദശമി, ഏകാദശി",,,,,,
2026,November,21,1202,Vrishchikam,വിശ്ചികം,5,Uthrattathi,ഉത്രട്ടാതി,Dwadashi,ദ്വാദശി,,,,,,
2026,November,22,1202,Vrishchikam,വിശ്ചികം,6,Revathi,രേവതി,Trayodashi,ത്രയോദശി,,,,,,
2026,November,23,1202,Vrishchikam,വിശ്ചികം,7,Aswathi,അശ്വതി,Chaturdashi,ചതുർദ്ദശി,,,,,,
2026,November,24,1202,Vrishchikam,വിശ്ചികം,8,Bharani,ഭരണി,Purnima,പൗർണ്ണമി,,,,,,
2026,November,25,1202,Vrishchikam,വിശ്ചികം,9,Karthika,കാർത്തിക,Prathama,പ്രതിപദം,,,,,,
2026,November,26,1202,Vrishchikam,വിശ്ചികം,10,Rohini,രോഹിണി,Dwitiya,ദ്വിതീയ,,,,,,
2026,November,27,1202,Vrishchikam,വിശ്ചികം,11,Makeryam,മകിര്യം,Tritiya,തൃതീയ,,,,,,
2026,November,28,1202,Vrishchikam,വിശ്ചികം,12,Thiruvathira,തിരുവാതിര,"Chaturthi ,Panchami","ചതുർത്ഥി, പഞ്ചമി",,,,,,
2026,November,29,1202,Vrishchikam,വിശ്ചികം,13,Punartham,പുണർതം,Shashti,ഷഷ്ഠി,,,,,,
2026,November,30,1202,Vrishchikam,വിശ്ചികം,14,Pooyam,പൂയം,Saptami,സപ്തമി,,,,,,
2026,December,1,1202,Vrishchikam,വിശ്ചികം,15,Ayilyam,ആയില്യം,Ashtami,അഷ്ടമി,,,,,,
2026,December,2,1202,Vrishchikam,വിശ്ചികം,16,Makam,മകം,Navami,നവമി,,,,,,
2026,December,3,1202,Vrishchikam,വിശ്ചികം,17,Pooram,പൂരം,Dashami,ദശമി,,,,,,
2026,December,4,1202,Vrishchikam,വിശ്ചികം,18,Uthram,ഉത്രം,Ekadashi,ഏകാദശി,,,,,,
2026,December,5,1202,Vrishchikam,വിശ്ചികം,19,Atham,അത്തം,Dvadashi,ദ്വാദശി,,,,,,
2026,December,6,1202,Vrishchikam,വിശ്ചികം,20,Chithira,ചിത്ര,Trayodashi,ത്രയോദശി,,,,,,
2026,December,7,1202,Vrishchikam,വിശ്ചികം,21,Chothi,ചോതി,Chaturdashi,ചതുർദ്ദശി,,,,,,
2026,December,8,1202,Vrishchikam,വിശ്ചികം,22,Vishkham,വിശാഖം,Amavasya,അമാവാസി,,,,,,
2026,December,9,1202,Vrishchikam,വിശ്ചികം,23,Anizham,അനിഴം,Prathama,പ്രതിപദം,,,,,,
2026,December,10,1202,Vrishchikam,വിശ്ചികം,24,Thrikkettka,തൃക്കേട്ടക,Prathama,പ്രതിപദം,,,,,,
2026,December,11,1202,Vrishchikam,വിശ്ചികം,25,Moolam,മൂലം,Dwitiya,ദ്വിതീയ,,,,,,
2026,December,12,1202,Vrishchikam,വിശ്ചികം,26,Pooratam,പൂരാടം,Tritiya,തൃതീയ,,,,,,
2026,December,13,1202,Vrishchikam,വിശ്ചികം,27,Thiruvonam,തിരുവോണം,Chaturthi,ചതുർത്ഥി,,,,,,
2026,December,14,1202,Vrishchikam,വിശ്ചികം,28,Thiruvonam,തിരുവോണം,Panchami,പഞ്ചമി,,,,,,
2026,December,15,1202,Vrishchikam,വിശ്ചികം,29,Avittam,അവിട്ടം,Shashti,ഷഷ്ഠി,,,,,,
2026,December,16,1202,Vrishchikam,വിശ്ചികം,30,Chathayam,ചതയം,Saptami,സപ്തമി,,,,,,
2026,December,17,1202,Dhanu,ധനു ,1,Puruttathi,പൂരുട്ടാതി,Ashtami,അഷ്ടമി,,,,,,
2026,December,18,1202,Dhanu,ധനു ,2,Uthrattathi,ഉത്രട്ടാതി,Navami,നവമി,,,,,,
2026,December,19,1202,Dhanu,ധനു ,3,Revathi,രേവതി,Dashami,ദശമി,,,,,,
2026,December,20,1202,Dhanu,ധനു ,4,Aswathi,അശ്വതി,Ekadashi,ഏകാദശി,,,,,,
2026,December,21,1202,Dhanu,ധനു ,5,Bharani,ഭരണി,Dvadashi,ദ്വാദശി,,,,,,
2026,December,22,1202,Dhanu,ധനു ,6,Karthika,കാർത്തിക,Trayodashi,ത്രയോദശി,,,,,,
2026,December,23,1202,Dhanu,ധനു ,7,"Rohini ,Makeryam","രോഹിണി,മകിര്യം",Chaturdashi,ചതുർദ്ദശി,,,,,,
2026,December,24,1202,Dhanu,ധനു ,8,Thiruvathira,തിരുവാതിര,Purnima / Prathama,"പൗർണ്ണമി, പ്രതിപദം",,,,,,
2026,December,25,1202,Dhanu,ധനു ,9,Punartham,പുണർതം,Dwitiya,ദ്വിതീയ,,,,,,
2026,December,26,1202,Dhanu,ധനു ,10,Pooyam,പൂയം,Tritiya,തൃതീയ,,,,,,
2026,December,27,1202,Dhanu,ധനു ,11,Ayilyam,ആയില്യം,Chaturthi,ചതുർത്ഥി,,,,,,
2026,December,28,1202,Dhanu,ധനു ,12,Makam,മകം,Panchami,പഞ്ചമി,,,,,,
2026,December,29,1202,Dhanu,ധനു ,13,Pooram,പൂരം,Shashti,ഷഷ്ഠി,,,,,,
2026,December,30,1202,Dhanu,ധനു ,14,Uthram,ഉത്രം,Saptami,സപ്തമി,,,,,,
2026,December,31,1202,Dhanu,ധനു ,15,Atham,അത്തം,Ashtami,അഷ്ടമി,,,,,,
,,,,,,,,,,,,,,,,
,,,,,,,,,,,,,,,,
,,,,,,,,,,,,,Date,Date_Formatted,Tithi_Sanskrit,Tithi_Malayalam
,,,,,,,,,,,,,2026-12-01,01 Dec 2026,Ashtami,അഷ്ടമി
,,,,,,,,,,,,,2026-12-02,02 Dec 2026,Navami,നവമി
,,,,,,,,,,,,,2026-12-03,03 Dec 2026,Dashami,ദശമി
,,,,,,,,,,,,,2026-12-04,04 Dec 2026,Ekadashi,ഏകാദശി
,,,,,,,,,,,,,2026-12-05,05 Dec 2026,Dvadashi,ദ്വാദശി
,,,,,,,,,,,,,2026-12-06,06 Dec 2026,Trayodashi,ത്രയോദശി
,,,,,,,,,,,,,2026-12-07,07 Dec 2026,Chaturdashi,ചതുർദ്ദശി
,,,,,,,,,,,,,2026-12-08,08 Dec 2026,Amavasya,അമാവാസി
,,,,,,,,,,,,,2026-12-09,09 Dec 2026,Prathama,പ്രതിപദം
,,,,,,,,,,,,,2026-12-10,10 Dec 2026,Prathama,പ്രതിപദം
,,,,,,,,,,,,,2026-12-11,11 Dec 2026,Dwitiya,ദ്വിതീയ
,,,,,,,,,,,,,2026-12-12,12 Dec 2026,Tritiya,തൃതീയ
,,,,,,,,,,,,,2026-12-13,13 Dec 2026,Chaturthi,ചതുർത്ഥി
,,,,,,,,,,,,,2026-12-14,14 Dec 2026,Panchami,പഞ്ചമി
,,,,,,,,,,,,,2026-12-15,15 Dec 2026,Shashti,ഷഷ്ഠി
,,,,,,,,,,,,,2026-12-16,16 Dec 2026,Saptami,സപ്തമി
,,,,,,,,,,,,,2026-12-17,17 Dec 2026,Ashtami,അഷ്ടമി
,,,,,,,,,,,,,2026-12-18,18 Dec 2026,Navami,നവമി
,,,,,,,,,,,,,2026-12-19,19 Dec 2026,Dashami,ദശമി
,,,,,,,,,,,,,2026-12-20,20 Dec 2026,Ekadashi,ഏകാദശി
,,,,,,,,,,,,,2026-12-21,21 Dec 2026,Dvadashi,ദ്വാദശി
,,,,,,,,,,,,,2026-12-22,22 Dec 2026,Trayodashi,ത്രയോദശി
,,,,,,,,,,,,,2026-12-23,23 Dec 2026,Chaturdashi,ചതുർദ്ദശി
,,,,,,,,,,,,,2026-12-24,24 Dec 2026,Purnima / Prathama,"പൗർണ്ണമി, പ്രതിപദം"
,,,,,,,,,,,,,2026-12-25,25 Dec 2026,Dwitiya,ദ്വിതീയ
,,,,,,,,,,,,,2026-12-26,26 Dec 2026,Tritiya,തൃതീയ
,,,,,,,,,,,,,2026-12-27,27 Dec 2026,Chaturthi,ചതുർത്ഥി
,,,,,,,,,,,,,2026-12-28,28 Dec 2026,Panchami,പഞ്ചമി
,,,,,,,,,,,,,2026-12-29,29 Dec 2026,Shashti,ഷഷ്ഠി
,,,,,,,,,,,,,2026-12-30,30 Dec 2026,Saptami,സപ്തമി
,,,,,,,,,,,,,2026-12-31,31 Dec 2026,Ashtami,അഷ്ടമി